{
    "name": "root",
    "gauges": {
        "AmyImitation.Policy.Entropy.mean": {
            "value": 1.1347414255142212,
            "min": 1.1347414255142212,
            "max": 1.4173974990844727,
            "count": 32
        },
        "AmyImitation.Policy.Entropy.sum": {
            "value": 17034.73828125,
            "min": 17034.73828125,
            "max": 21276.5546875,
            "count": 32
        },
        "AmyImitation.Environment.EpisodeLength.mean": {
            "value": 564.4814814814815,
            "min": 29.950515463917526,
            "max": 1098.9285714285713,
            "count": 32
        },
        "AmyImitation.Environment.EpisodeLength.sum": {
            "value": 15241.0,
            "min": 13619.0,
            "max": 16539.0,
            "count": 32
        },
        "AmyImitation.Step.mean": {
            "value": 479982.0,
            "min": 14985.0,
            "max": 479982.0,
            "count": 32
        },
        "AmyImitation.Step.sum": {
            "value": 479982.0,
            "min": 14985.0,
            "max": 479982.0,
            "count": 32
        },
        "AmyImitation.Policy.ExtrinsicValueEstimate.mean": {
            "value": 1.5570738315582275,
            "min": -0.7329212427139282,
            "max": 1.5570738315582275,
            "count": 32
        },
        "AmyImitation.Policy.ExtrinsicValueEstimate.sum": {
            "value": 386.154296875,
            "min": -311.49151611328125,
            "max": 386.154296875,
            "count": 32
        },
        "AmyImitation.Environment.CumulativeReward.mean": {
            "value": 7.917609428641973,
            "min": -0.9550385467948452,
            "max": 12.183646393567324,
            "count": 32
        },
        "AmyImitation.Environment.CumulativeReward.sum": {
            "value": 213.77545457333326,
            "min": -369.4957591742277,
            "max": 216.00555518642068,
            "count": 32
        },
        "AmyImitation.Policy.ExtrinsicReward.mean": {
            "value": 7.917609428641973,
            "min": -0.9550385467948452,
            "max": 12.183646393567324,
            "count": 32
        },
        "AmyImitation.Policy.ExtrinsicReward.sum": {
            "value": 213.77545457333326,
            "min": -369.4957591742277,
            "max": 216.00555518642068,
            "count": 32
        },
        "AmyImitation.Losses.PolicyLoss.mean": {
            "value": 0.06867923092449062,
            "min": 0.06244055923166126,
            "max": 0.07468369549448946,
            "count": 32
        },
        "AmyImitation.Losses.PolicyLoss.sum": {
            "value": 0.48075461647143436,
            "min": 0.4370839146216288,
            "max": 0.5815518504926634,
            "count": 32
        },
        "AmyImitation.Losses.ValueLoss.mean": {
            "value": 0.3053404977545142,
            "min": 0.04788138814425717,
            "max": 0.4114874671435072,
            "count": 32
        },
        "AmyImitation.Losses.ValueLoss.sum": {
            "value": 2.1373834842815995,
            "min": 0.3351697170098002,
            "max": 2.8804122700045505,
            "count": 32
        },
        "AmyImitation.Policy.LearningRate.mean": {
            "value": 0.0003,
            "min": 0.0003,
            "max": 0.0003,
            "count": 32
        },
        "AmyImitation.Policy.LearningRate.sum": {
            "value": 0.0021,
            "min": 0.0021,
            "max": 0.0024,
            "count": 32
        },
        "AmyImitation.Policy.Epsilon.mean": {
            "value": 0.19999999999999998,
            "min": 0.19999999999999998,
            "max": 0.19999999999999998,
            "count": 32
        },
        "AmyImitation.Policy.Epsilon.sum": {
            "value": 1.4,
            "min": 1.4,
            "max": 1.5999999999999999,
            "count": 32
        },
        "AmyImitation.Policy.Beta.mean": {
            "value": 0.0005,
            "min": 0.0005,
            "max": 0.0005,
            "count": 32
        },
        "AmyImitation.Policy.Beta.sum": {
            "value": 0.0035,
            "min": 0.0035,
            "max": 0.004,
            "count": 32
        },
        "AmyImitation.IsTraining.mean": {
            "value": 1.0,
            "min": 1.0,
            "max": 1.0,
            "count": 32
        },
        "AmyImitation.IsTraining.sum": {
            "value": 1.0,
            "min": 1.0,
            "max": 1.0,
            "count": 32
        }
    },
    "metadata": {
        "timer_format_version": "0.1.0",
        "start_time_seconds": "1766609821",
        "python_version": "3.10.12 (main, Dec 24 2025, 02:15:19) [GCC 13.3.0]",
        "command_line_arguments": "/home/mitchell/.pyenv/versions/venv-3.10.12/bin/mlagents-learn config/AmyImitation.yaml --run-id=DogTrainingTest2",
        "mlagents_version": "1.1.0",
        "mlagents_envs_version": "1.1.0",
        "communication_protocol_version": "1.5.0",
        "pytorch_version": "2.1.1+cu121",
        "numpy_version": "1.23.5",
        "end_time_seconds": "1766614075"
    },
    "total": 4254.214423786994,
    "count": 1,
    "self": 0.00370779397781007,
    "children": {
        "run_training.setup": {
            "total": 0.01276958201196976,
            "count": 1,
            "self": 0.01276958201196976
        },
        "TrainerController.start_learning": {
            "total": 4254.1979464110045,
            "count": 1,
            "self": 7.576257786568021,
            "children": {
                "TrainerController._reset_env": {
                    "total": 6.03586429101415,
                    "count": 1,
                    "self": 6.03586429101415
                },
                "TrainerController.advance": {
                    "total": 4240.557224167453,
                    "count": 494587,
                    "self": 3.657535590522457,
                    "children": {
                        "env_step": {
                            "total": 4236.89968857693,
                            "count": 494587,
                            "self": 3675.6463360059715,
                            "children": {
                                "SubprocessEnvManager._take_step": {
                                    "total": 557.2761957670155,
                                    "count": 494587,
                                    "self": 16.730225911393063,
                                    "children": {
                                        "TorchPolicy.evaluate": {
                                            "total": 540.5459698556224,
                                            "count": 492539,
                                            "self": 540.5459698556224
                                        }
                                    }
                                },
                                "workers": {
                                    "total": 3.977156803943217,
                                    "count": 494586,
                                    "self": 0.0,
                                    "children": {
                                        "worker_root": {
                                            "total": 4229.888647588727,
                                            "count": 494586,
                                            "is_parallel": true,
                                            "self": 992.3110534985026,
                                            "children": {
                                                "run_training.setup": {
                                                    "total": 0.0,
                                                    "count": 0,
                                                    "is_parallel": true,
                                                    "self": 0.0,